sku,name,price,stock,description,category,finish,pack
EMU-WH-10,Silk Interior Emulsion White 10L,3200,60,washable low-odour interior emulsion,interior,silk,10L
EMU-WH-20,Silk Interior Emulsion White 20L,6100,25,washable low-odour interior emulsion,interior,silk,20L
EMU-CL-4,Silk Interior Emulsion Custom Shade 4L,1450,120,tinted at dealer to any shade card colour,interior,silk,4L
EXT-WS-20,WeatherShield Exterior Emulsion 20L,7800,18,anti-algal exterior paint 7 year warranty,exterior,matt,20L
PRM-IN-10,Interior Wall Primer 10L,1900,40,water based primer for new plaster,primer,,10L
PUT-WH-40,Wall Putty White 40kg,950,200,polymer wall putty for smooth finish,putty,,40kg
WPF-RF-20,Roof Waterproofing Coat 20L,5400,6,elastomeric roof coating 5 year warranty,waterproofing,,20L
ENM-BK-1,Gloss Enamel Black 1L,420,300,for metal grills and wood,enamel,gloss,1L
SRV-CONSULT,Colour Consultation Visit,0,,free home visit by a colour expert,service,,
SRV-PAINT-SQFT,Painting Service per sq ft (labour),14,,professional painters - labour only per sq ft,service,,
